ticker,opt_strike_px,type
SFRM9C 100 Comdty,100.0,c
SFRM9C 100.25 Comdty,100.25,c
SFRM9C 100.5 Comdty,100.5,c
SFRM9C 100.75 Comdty,100.75,c
SFRM9C 101 Comdty,101.0,c
SFRM9C 101.25 Comdty,101.25,c
SFRM9C 101.5 Comdty,101.5,c
SFRM9C 101.75 Comdty,101.75,c
SFRM9C 90.75 Comdty,90.75,c
SFRM9C 91 Comdty,91.0,c
SFRM9C 91.25 Comdty,91.25,c
SFRM9C 91.5 Comdty,91.5,c
SFRM9C 91.75 Comdty,91.75,c
SFRM9C 92 Comdty,92.0,c
SFRM9C 92.25 Comdty,92.25,c
SFRM9C 92.5 Comdty,92.5,c
SFRM9C 92.75 Comdty,92.75,c
SFRM9C 93 Comdty,93.0,c
SFRM9C 93.25 Comdty,93.25,c
SFRM9C 93.5 Comdty,93.5,c
SFRM9C 93.75 Comdty,93.75,c
SFRM9C 94 Comdty,94.0,c
SFRM9C 94.25 Comdty,94.25,c
SFRM9C 94.5 Comdty,94.5,c
SFRM9C 94.75 Comdty,94.75,c
SFRM9C 94.875 Comdty,94.875,c
SFRM9C 95 Comdty,95.0,c
SFRM9C 95.125 Comdty,95.125,c
SFRM9C 95.25 Comdty,95.25,c
SFRM9C 95.375 Comdty,95.375,c
SFRM9C 95.5 Comdty,95.5,c
SFRM9C 95.625 Comdty,95.625,c
SFRM9C 95.75 Comdty,95.75,c
SFRM9C 95.875 Comdty,95.875,c
SFRM9C 96 Comdty,96.0,c
SFRM9C 96.125 Comdty,96.125,c
SFRM9C 96.25 Comdty,96.25,c
SFRM9C 96.375 Comdty,96.375,c
SFRM9C 96.5 Comdty,96.5,c
SFRM9C 96.625 Comdty,96.625,c
SFRM9C 96.75 Comdty,96.75,c
SFRM9C 96.875 Comdty,96.875,c
SFRM9C 97 Comdty,97.0,c
SFRM9C 97.125 Comdty,97.125,c
SFRM9C 97.25 Comdty,97.25,c
SFRM9C 97.375 Comdty,97.375,c
SFRM9C 97.5 Comdty,97.5,c
SFRM9C 97.625 Comdty,97.625,c
SFRM9C 97.75 Comdty,97.75,c
SFRM9C 98 Comdty,98.0,c
SFRM9C 98.25 Comdty,98.25,c
SFRM9C 98.5 Comdty,98.5,c
SFRM9C 98.75 Comdty,98.75,c
SFRM9C 99 Comdty,99.0,c
SFRM9C 99.25 Comdty,99.25,c
SFRM9C 99.5 Comdty,99.5,c
SFRM9C 99.75 Comdty,99.75,c
SFRM9P 100 Comdty,100.0,p
SFRM9P 100.25 Comdty,100.25,p
SFRM9P 100.5 Comdty,100.5,p
SFRM9P 100.75 Comdty,100.75,p
SFRM9P 101 Comdty,101.0,p
SFRM9P 101.25 Comdty,101.25,p
SFRM9P 101.5 Comdty,101.5,p
SFRM9P 101.75 Comdty,101.75,p
SFRM9P 90.75 Comdty,90.75,p
SFRM9P 91 Comdty,91.0,p
SFRM9P 91.25 Comdty,91.25,p
SFRM9P 91.5 Comdty,91.5,p
SFRM9P 91.75 Comdty,91.75,p
SFRM9P 92 Comdty,92.0,p
SFRM9P 92.25 Comdty,92.25,p
SFRM9P 92.5 Comdty,92.5,p
SFRM9P 92.75 Comdty,92.75,p
SFRM9P 93 Comdty,93.0,p
SFRM9P 93.25 Comdty,93.25,p
SFRM9P 93.5 Comdty,93.5,p
SFRM9P 93.75 Comdty,93.75,p
SFRM9P 94 Comdty,94.0,p
SFRM9P 94.25 Comdty,94.25,p
SFRM9P 94.5 Comdty,94.5,p
SFRM9P 94.75 Comdty,94.75,p
SFRM9P 94.875 Comdty,94.875,p
SFRM9P 95 Comdty,95.0,p
SFRM9P 95.125 Comdty,95.125,p
SFRM9P 95.25 Comdty,95.25,p
SFRM9P 95.375 Comdty,95.375,p
SFRM9P 95.5 Comdty,95.5,p
SFRM9P 95.625 Comdty,95.625,p
SFRM9P 95.75 Comdty,95.75,p
SFRM9P 95.875 Comdty,95.875,p
SFRM9P 96 Comdty,96.0,p
SFRM9P 96.125 Comdty,96.125,p
SFRM9P 96.25 Comdty,96.25,p
SFRM9P 96.375 Comdty,96.375,p
SFRM9P 96.5 Comdty,96.5,p
SFRM9P 96.625 Comdty,96.625,p
SFRM9P 96.75 Comdty,96.75,p
SFRM9P 96.875 Comdty,96.875,p
SFRM9P 97 Comdty,97.0,p
SFRM9P 97.125 Comdty,97.125,p
SFRM9P 97.25 Comdty,97.25,p
SFRM9P 97.375 Comdty,97.375,p
SFRM9P 97.5 Comdty,97.5,p
SFRM9P 97.625 Comdty,97.625,p
SFRM9P 97.75 Comdty,97.75,p
SFRM9P 98 Comdty,98.0,p
SFRM9P 98.25 Comdty,98.25,p
SFRM9P 98.5 Comdty,98.5,p
SFRM9P 98.75 Comdty,98.75,p
SFRM9P 99 Comdty,99.0,p
SFRM9P 99.25 Comdty,99.25,p
SFRM9P 99.5 Comdty,99.5,p
SFRM9P 99.75 Comdty,99.75,p
